{"cameraMode":{"drawMode":0,"name":"Shaded","section":"Shading Mode"},"sceneLighting":true,"audioPlay":false,"sceneViewState":{"m_AlwaysRefresh":false,"showFog":true,"showSkybox":true,"showFlares":true,"showImageEffects":true,"showParticleSystems":true,"showVisualEffectGraphs":true,"m_FxEnabled":true},"in2DMode":false,"pivot":{"x":15.122962951660157,"y":-3.3976783752441408,"z":8.956013679504395},"rotation":{"x":-0.17555005848407746,"y":-0.6847708225250244,"z":0.17544220387935639,"w":-0.6851978898048401},"size":25.974241256713868,"orthographic":false}