{"cameraMode":{"drawMode":0,"name":"Shaded","section":"Shading Mode"},"sceneLighting":true,"audioPlay":false,"sceneViewState":{"m_AlwaysRefresh":false,"showFog":true,"showSkybox":true,"showFlares":true,"showImageEffects":true,"showParticleSystems":true,"showVisualEffectGraphs":true,"m_FxEnabled":true},"in2DMode":false,"pivot":{"x":22.6395206451416,"y":2.234981060028076,"z":-27.334136962890626},"rotation":{"x":0.055952731519937518,"y":-0.12100888788700104,"z":0.0068323747254908089,"w":0.9910539984703064},"size":1.6928647756576539,"orthographic":true}