{"cameraMode":{"drawMode":0,"name":"Shaded","section":"Shading Mode"},"sceneLighting":true,"audioPlay":false,"sceneViewState":{"m_AlwaysRefresh":false,"showFog":true,"showSkybox":true,"showFlares":true,"showImageEffects":true,"showParticleSystems":true,"showVisualEffectGraphs":true,"m_FxEnabled":true},"in2DMode":false,"pivot":{"x":3.069655656814575,"y":0.5814776420593262,"z":11.349493026733399},"rotation":{"x":-0.021545764058828355,"y":0.17840510606765748,"z":-0.00390291353687644,"w":-0.983718752861023},"size":2.5260398387908937,"orthographic":true}